Group,Sentences
0,"In the heart of the enchanted forest, whispers of ancient magic danced through the air, weaving tales of forgotten realms and mystical creatures."
0,"A lone adventurer, cloaked in shadows, embarked on a quest to uncover the secrets buried within the ruins of a lost civilization."
0,"As twilight fell, the sky ignited with hues of amethyst and sapphire, painting a canvas of dreams for those who dared to wander beyond the known."
0,"Beneath the moon's silver gaze, the guardian of the forest, a majestic dragon with eyes like molten gold, watched over the land with a silent wisdom born of centuries."
0,"With each step taken on the path of destiny, the bonds of fate tightened, drawing together allies and adversaries alike in a dance of destiny that would shape the fate of worlds."
1,"Underneath the starlit sky, their hearts collided in a whirlwind of passion and longing, igniting a love that transcended time itself."
1,"In the soft glow of candlelight, their fingertips brushed, sending electric currents of desire coursing through their veins. "
1,"Amidst the bustling streets of the city, their eyes met, and in that moment, the world around them faded into oblivion, leaving only the undeniable pull of destiny."
1,"With every breath, they found solace in each other's embrace, their souls intertwined in a symphony of love's sweet melody."
1,"Against all odds, they fought for their love, defying societal expectations and overcoming obstacles, united in their unwavering devotion to one another."
2,"In the abandoned mansion on the hill, shadows whispered ancient secrets, and the walls echoed with the tortured cries of the damned."
2,"A chilling breeze swept through the desolate graveyard, stirring the restless souls of the departed from their eternal slumber."
2,"As the clock struck midnight, a bloodcurdling scream shattered the silence, signaling the presence of a malevolent force lurking in the darkness."
2,"From the depths of the forbidden forest, a haunting melody drifted, drawing unsuspecting travelers into the clutches of unspeakable horror."
2,"In the flickering candlelight, grotesque figures danced across the walls, their twisted forms a reflection of the nightmares that lurked within the depths of the human psyche."
3,"Against the backdrop of war-torn Europe, a forbidden love blossomed between a noblewoman and a humble soldier, their hearts bound by the turmoil of the times."
3,"In the grand ballrooms of a bygone era, whispers of scandal and intrigue mingled with the rustle of silk gowns, as society's elite danced on a knife's edge of political unrest."
3,"Amidst the opulence of the royal court, alliances were forged and betrayals plotted, as ambitious nobles vied for power and influence in the corridors of power."
3,"Across distant lands, adventurers set sail in search of new horizons, their journeys marked by perilous seas and encounters with exotic cultures that challenged their preconceived notions of the world."
3,"In the shadow of revolution, ordinary citizens rose up against oppression, their voices echoing through history as they fought for freedom and justice in the face of tyranny."
4,"On the distant planet of Veridian Prime, towering spires of advanced technology pierced the azure sky, a testament to humanity's boundless ingenuity."
4,"Within the sleek corridors of the interstellar cruiser, a diverse crew of explorers embarked on a perilous voyage through the uncharted depths of space, their mission shrouded in mystery."
4,"Amidst the neon-lit streets of the cyberpunk metropolis, artificial intelligences and cybernetic enhancements blurred the line between man and machine, creating a world where the boundaries of reality and virtuality merged."
4,"Across the galaxy, a rebellion simmered beneath the iron fist of the tyrannical Galactic Empire, as freedom fighters rallied against oppression in a bid to restore balance to the cosmos."
4,"In the darkness of the void, ancient alien artifacts whispered of civilizations long extinct, their enigmatic power coveted by those who sought to unlock the secrets of the universe."
5,"In the heart of the enchanted forest, whispers of ancient magic danced through the air, weaving tales of forgotten realms and mystical creatures."
5,"A lone adventurer, cloaked in shadows, embarked on a quest to uncover the secrets buried within the ruins of a lost civilization."
5,"As twilight fell, the sky ignited with hues of amethyst and sapphire, painting a canvas of dreams for those who dared to wander beyond the known."
5,"Beneath the moon's silver gaze, the guardian of the forest, a majestic dragon with eyes like molten gold, watched over the land with a silent wisdom born of centuries."
5,"With each step taken on the path of destiny, the bonds of fate tightened, drawing together allies and adversaries alike in a dance of destiny that would shape the fate of worlds."
6,"Underneath the starlit sky, their hearts collided in a whirlwind of passion and longing, igniting a love that transcended time itself."
6,"In the soft glow of candlelight, their fingertips brushed, sending electric currents of desire coursing through their veins. "
6,"Amidst the bustling streets of the city, their eyes met, and in that moment, the world around them faded into oblivion, leaving only the undeniable pull of destiny."
6,"With every breath, they found solace in each other's embrace, their souls intertwined in a symphony of love's sweet melody."
6,"Against all odds, they fought for their love, defying societal expectations and overcoming obstacles, united in their unwavering devotion to one another."
7,"In the abandoned mansion on the hill, shadows whispered ancient secrets, and the walls echoed with the tortured cries of the damned."
7,"A chilling breeze swept through the desolate graveyard, stirring the restless souls of the departed from their eternal slumber."
7,"As the clock struck midnight, a bloodcurdling scream shattered the silence, signaling the presence of a malevolent force lurking in the darkness."
7,"From the depths of the forbidden forest, a haunting melody drifted, drawing unsuspecting travelers into the clutches of unspeakable horror."
7,"In the flickering candlelight, grotesque figures danced across the walls, their twisted forms a reflection of the nightmares that lurked within the depths of the human psyche."
8,"Against the backdrop of war-torn Europe, a forbidden love blossomed between a noblewoman and a humble soldier, their hearts bound by the turmoil of the times."
8,"In the grand ballrooms of a bygone era, whispers of scandal and intrigue mingled with the rustle of silk gowns, as society's elite danced on a knife's edge of political unrest."
8,"Amidst the opulence of the royal court, alliances were forged and betrayals plotted, as ambitious nobles vied for power and influence in the corridors of power."
8,"Across distant lands, adventurers set sail in search of new horizons, their journeys marked by perilous seas and encounters with exotic cultures that challenged their preconceived notions of the world."
8,"In the shadow of revolution, ordinary citizens rose up against oppression, their voices echoing through history as they fought for freedom and justice in the face of tyranny."
9,"On the distant planet of Veridian Prime, towering spires of advanced technology pierced the azure sky, a testament to humanity's boundless ingenuity."
9,"Within the sleek corridors of the interstellar cruiser, a diverse crew of explorers embarked on a perilous voyage through the uncharted depths of space, their mission shrouded in mystery."
9,"Amidst the neon-lit streets of the cyberpunk metropolis, artificial intelligences and cybernetic enhancements blurred the line between man and machine, creating a world where the boundaries of reality and virtuality merged."
9,"Across the galaxy, a rebellion simmered beneath the iron fist of the tyrannical Galactic Empire, as freedom fighters rallied against oppression in a bid to restore balance to the cosmos."
9,"In the darkness of the void, ancient alien artifacts whispered of civilizations long extinct, their enigmatic power coveted by those who sought to unlock the secrets of the universe."
10,"In the heart of the enchanted forest, whispers of ancient magic danced through the air, weaving tales of forgotten realms and mystical creatures."
10,"A lone adventurer, cloaked in shadows, embarked on a quest to uncover the secrets buried within the ruins of a lost civilization."
10,"As twilight fell, the sky ignited with hues of amethyst and sapphire, painting a canvas of dreams for those who dared to wander beyond the known."
10,"Beneath the moon's silver gaze, the guardian of the forest, a majestic dragon with eyes like molten gold, watched over the land with a silent wisdom born of centuries."
10,"With each step taken on the path of destiny, the bonds of fate tightened, drawing together allies and adversaries alike in a dance of destiny that would shape the fate of worlds."
11,"Underneath the starlit sky, their hearts collided in a whirlwind of passion and longing, igniting a love that transcended time itself."
11,"In the soft glow of candlelight, their fingertips brushed, sending electric currents of desire coursing through their veins. "
11,"Amidst the bustling streets of the city, their eyes met, and in that moment, the world around them faded into oblivion, leaving only the undeniable pull of destiny."
11,"With every breath, they found solace in each other's embrace, their souls intertwined in a symphony of love's sweet melody."
11,"Against all odds, they fought for their love, defying societal expectations and overcoming obstacles, united in their unwavering devotion to one another."
12,"In the abandoned mansion on the hill, shadows whispered ancient secrets, and the walls echoed with the tortured cries of the damned."
12,"A chilling breeze swept through the desolate graveyard, stirring the restless souls of the departed from their eternal slumber."
12,"As the clock struck midnight, a bloodcurdling scream shattered the silence, signaling the presence of a malevolent force lurking in the darkness."
12,"From the depths of the forbidden forest, a haunting melody drifted, drawing unsuspecting travelers into the clutches of unspeakable horror."
12,"In the flickering candlelight, grotesque figures danced across the walls, their twisted forms a reflection of the nightmares that lurked within the depths of the human psyche."
13,"Against the backdrop of war-torn Europe, a forbidden love blossomed between a noblewoman and a humble soldier, their hearts bound by the turmoil of the times."
13,"In the grand ballrooms of a bygone era, whispers of scandal and intrigue mingled with the rustle of silk gowns, as society's elite danced on a knife's edge of political unrest."
13,"Amidst the opulence of the royal court, alliances were forged and betrayals plotted, as ambitious nobles vied for power and influence in the corridors of power."
13,"Across distant lands, adventurers set sail in search of new horizons, their journeys marked by perilous seas and encounters with exotic cultures that challenged their preconceived notions of the world."
13,"In the shadow of revolution, ordinary citizens rose up against oppression, their voices echoing through history as they fought for freedom and justice in the face of tyranny."
14,"On the distant planet of Veridian Prime, towering spires of advanced technology pierced the azure sky, a testament to humanity's boundless ingenuity."
14,"Within the sleek corridors of the interstellar cruiser, a diverse crew of explorers embarked on a perilous voyage through the uncharted depths of space, their mission shrouded in mystery."
14,"Amidst the neon-lit streets of the cyberpunk metropolis, artificial intelligences and cybernetic enhancements blurred the line between man and machine, creating a world where the boundaries of reality and virtuality merged."
14,"Across the galaxy, a rebellion simmered beneath the iron fist of the tyrannical Galactic Empire, as freedom fighters rallied against oppression in a bid to restore balance to the cosmos."
14,"In the darkness of the void, ancient alien artifacts whispered of civilizations long extinct, their enigmatic power coveted by those who sought to unlock the secrets of the universe."
15,"In the heart of the enchanted forest, whispers of ancient magic danced through the air, weaving tales of forgotten realms and mystical creatures."
15,"A lone adventurer, cloaked in shadows, embarked on a quest to uncover the secrets buried within the ruins of a lost civilization."
15,"As twilight fell, the sky ignited with hues of amethyst and sapphire, painting a canvas of dreams for those who dared to wander beyond the known."
15,"Beneath the moon's silver gaze, the guardian of the forest, a majestic dragon with eyes like molten gold, watched over the land with a silent wisdom born of centuries."
15,"With each step taken on the path of destiny, the bonds of fate tightened, drawing together allies and adversaries alike in a dance of destiny that would shape the fate of worlds."
16,"Underneath the starlit sky, their hearts collided in a whirlwind of passion and longing, igniting a love that transcended time itself."
16,"In the soft glow of candlelight, their fingertips brushed, sending electric currents of desire coursing through their veins. "
16,"Amidst the bustling streets of the city, their eyes met, and in that moment, the world around them faded into oblivion, leaving only the undeniable pull of destiny."
16,"With every breath, they found solace in each other's embrace, their souls intertwined in a symphony of love's sweet melody."
16,"Against all odds, they fought for their love, defying societal expectations and overcoming obstacles, united in their unwavering devotion to one another."
17,"In the abandoned mansion on the hill, shadows whispered ancient secrets, and the walls echoed with the tortured cries of the damned."
17,"A chilling breeze swept through the desolate graveyard, stirring the restless souls of the departed from their eternal slumber."
17,"As the clock struck midnight, a bloodcurdling scream shattered the silence, signaling the presence of a malevolent force lurking in the darkness."
17,"From the depths of the forbidden forest, a haunting melody drifted, drawing unsuspecting travelers into the clutches of unspeakable horror."
17,"In the flickering candlelight, grotesque figures danced across the walls, their twisted forms a reflection of the nightmares that lurked within the depths of the human psyche."
18,"Against the backdrop of war-torn Europe, a forbidden love blossomed between a noblewoman and a humble soldier, their hearts bound by the turmoil of the times."
18,"In the grand ballrooms of a bygone era, whispers of scandal and intrigue mingled with the rustle of silk gowns, as society's elite danced on a knife's edge of political unrest."
18,"Amidst the opulence of the royal court, alliances were forged and betrayals plotted, as ambitious nobles vied for power and influence in the corridors of power."
18,"Across distant lands, adventurers set sail in search of new horizons, their journeys marked by perilous seas and encounters with exotic cultures that challenged their preconceived notions of the world."
18,"In the shadow of revolution, ordinary citizens rose up against oppression, their voices echoing through history as they fought for freedom and justice in the face of tyranny."
19,"On the distant planet of Veridian Prime, towering spires of advanced technology pierced the azure sky, a testament to humanity's boundless ingenuity."
19,"Within the sleek corridors of the interstellar cruiser, a diverse crew of explorers embarked on a perilous voyage through the uncharted depths of space, their mission shrouded in mystery."
19,"Amidst the neon-lit streets of the cyberpunk metropolis, artificial intelligences and cybernetic enhancements blurred the line between man and machine, creating a world where the boundaries of reality and virtuality merged."
19,"Across the galaxy, a rebellion simmered beneath the iron fist of the tyrannical Galactic Empire, as freedom fighters rallied against oppression in a bid to restore balance to the cosmos."
19,"In the darkness of the void, ancient alien artifacts whispered of civilizations long extinct, their enigmatic power coveted by those who sought to unlock the secrets of the universe."
20,"In the heart of the enchanted forest, whispers of ancient magic danced through the air, weaving tales of forgotten realms and mystical creatures."
20,"A lone adventurer, cloaked in shadows, embarked on a quest to uncover the secrets buried within the ruins of a lost civilization."
20,"As twilight fell, the sky ignited with hues of amethyst and sapphire, painting a canvas of dreams for those who dared to wander beyond the known."
20,"Beneath the moon's silver gaze, the guardian of the forest, a majestic dragon with eyes like molten gold, watched over the land with a silent wisdom born of centuries."
20,"With each step taken on the path of destiny, the bonds of fate tightened, drawing together allies and adversaries alike in a dance of destiny that would shape the fate of worlds."
21,"Underneath the starlit sky, their hearts collided in a whirlwind of passion and longing, igniting a love that transcended time itself."
21,"In the soft glow of candlelight, their fingertips brushed, sending electric currents of desire coursing through their veins. "
21,"Amidst the bustling streets of the city, their eyes met, and in that moment, the world around them faded into oblivion, leaving only the undeniable pull of destiny."
21,"With every breath, they found solace in each other's embrace, their souls intertwined in a symphony of love's sweet melody."
21,"Against all odds, they fought for their love, defying societal expectations and overcoming obstacles, united in their unwavering devotion to one another."
22,"In the abandoned mansion on the hill, shadows whispered ancient secrets, and the walls echoed with the tortured cries of the damned."
22,"A chilling breeze swept through the desolate graveyard, stirring the restless souls of the departed from their eternal slumber."
22,"As the clock struck midnight, a bloodcurdling scream shattered the silence, signaling the presence of a malevolent force lurking in the darkness."
22,"From the depths of the forbidden forest, a haunting melody drifted, drawing unsuspecting travelers into the clutches of unspeakable horror."
22,"In the flickering candlelight, grotesque figures danced across the walls, their twisted forms a reflection of the nightmares that lurked within the depths of the human psyche."
23,"Against the backdrop of war-torn Europe, a forbidden love blossomed between a noblewoman and a humble soldier, their hearts bound by the turmoil of the times."
23,"In the grand ballrooms of a bygone era, whispers of scandal and intrigue mingled with the rustle of silk gowns, as society's elite danced on a knife's edge of political unrest."
23,"Amidst the opulence of the royal court, alliances were forged and betrayals plotted, as ambitious nobles vied for power and influence in the corridors of power."
23,"Across distant lands, adventurers set sail in search of new horizons, their journeys marked by perilous seas and encounters with exotic cultures that challenged their preconceived notions of the world."
23,"In the shadow of revolution, ordinary citizens rose up against oppression, their voices echoing through history as they fought for freedom and justice in the face of tyranny."
24,"On the distant planet of Veridian Prime, towering spires of advanced technology pierced the azure sky, a testament to humanity's boundless ingenuity."
24,"Within the sleek corridors of the interstellar cruiser, a diverse crew of explorers embarked on a perilous voyage through the uncharted depths of space, their mission shrouded in mystery."
24,"Amidst the neon-lit streets of the cyberpunk metropolis, artificial intelligences and cybernetic enhancements blurred the line between man and machine, creating a world where the boundaries of reality and virtuality merged."
24,"Across the galaxy, a rebellion simmered beneath the iron fist of the tyrannical Galactic Empire, as freedom fighters rallied against oppression in a bid to restore balance to the cosmos."
24,"In the darkness of the void, ancient alien artifacts whispered of civilizations long extinct, their enigmatic power coveted by those who sought to unlock the secrets of the universe."
25,"In the heart of the enchanted forest, whispers of ancient magic danced through the air, weaving tales of forgotten realms and mystical creatures."
25,"A lone adventurer, cloaked in shadows, embarked on a quest to uncover the secrets buried within the ruins of a lost civilization."
25,"As twilight fell, the sky ignited with hues of amethyst and sapphire, painting a canvas of dreams for those who dared to wander beyond the known."
25,"Beneath the moon's silver gaze, the guardian of the forest, a majestic dragon with eyes like molten gold, watched over the land with a silent wisdom born of centuries."
25,"With each step taken on the path of destiny, the bonds of fate tightened, drawing together allies and adversaries alike in a dance of destiny that would shape the fate of worlds."
26,"Underneath the starlit sky, their hearts collided in a whirlwind of passion and longing, igniting a love that transcended time itself."
26,"In the soft glow of candlelight, their fingertips brushed, sending electric currents of desire coursing through their veins. "
26,"Amidst the bustling streets of the city, their eyes met, and in that moment, the world around them faded into oblivion, leaving only the undeniable pull of destiny."
26,"With every breath, they found solace in each other's embrace, their souls intertwined in a symphony of love's sweet melody."
26,"Against all odds, they fought for their love, defying societal expectations and overcoming obstacles, united in their unwavering devotion to one another."
27,"In the abandoned mansion on the hill, shadows whispered ancient secrets, and the walls echoed with the tortured cries of the damned."
27,"A chilling breeze swept through the desolate graveyard, stirring the restless souls of the departed from their eternal slumber."
27,"As the clock struck midnight, a bloodcurdling scream shattered the silence, signaling the presence of a malevolent force lurking in the darkness."
27,"From the depths of the forbidden forest, a haunting melody drifted, drawing unsuspecting travelers into the clutches of unspeakable horror."
27,"In the flickering candlelight, grotesque figures danced across the walls, their twisted forms a reflection of the nightmares that lurked within the depths of the human psyche."
28,"Against the backdrop of war-torn Europe, a forbidden love blossomed between a noblewoman and a humble soldier, their hearts bound by the turmoil of the times."
28,"In the grand ballrooms of a bygone era, whispers of scandal and intrigue mingled with the rustle of silk gowns, as society's elite danced on a knife's edge of political unrest."
28,"Amidst the opulence of the royal court, alliances were forged and betrayals plotted, as ambitious nobles vied for power and influence in the corridors of power."
28,"Across distant lands, adventurers set sail in search of new horizons, their journeys marked by perilous seas and encounters with exotic cultures that challenged their preconceived notions of the world."
28,"In the shadow of revolution, ordinary citizens rose up against oppression, their voices echoing through history as they fought for freedom and justice in the face of tyranny."
29,"On the distant planet of Veridian Prime, towering spires of advanced technology pierced the azure sky, a testament to humanity's boundless ingenuity."
29,"Within the sleek corridors of the interstellar cruiser, a diverse crew of explorers embarked on a perilous voyage through the uncharted depths of space, their mission shrouded in mystery."
29,"Amidst the neon-lit streets of the cyberpunk metropolis, artificial intelligences and cybernetic enhancements blurred the line between man and machine, creating a world where the boundaries of reality and virtuality merged."
29,"Across the galaxy, a rebellion simmered beneath the iron fist of the tyrannical Galactic Empire, as freedom fighters rallied against oppression in a bid to restore balance to the cosmos."
29,"In the darkness of the void, ancient alien artifacts whispered of civilizations long extinct, their enigmatic power coveted by those who sought to unlock the secrets of the universe."
30,"In the heart of the enchanted forest, whispers of ancient magic danced through the air, weaving tales of forgotten realms and mystical creatures."
30,"A lone adventurer, cloaked in shadows, embarked on a quest to uncover the secrets buried within the ruins of a lost civilization."
30,"As twilight fell, the sky ignited with hues of amethyst and sapphire, painting a canvas of dreams for those who dared to wander beyond the known."
30,"Beneath the moon's silver gaze, the guardian of the forest, a majestic dragon with eyes like molten gold, watched over the land with a silent wisdom born of centuries."
30,"With each step taken on the path of destiny, the bonds of fate tightened, drawing together allies and adversaries alike in a dance of destiny that would shape the fate of worlds."
31,"Underneath the starlit sky, their hearts collided in a whirlwind of passion and longing, igniting a love that transcended time itself."
31,"In the soft glow of candlelight, their fingertips brushed, sending electric currents of desire coursing through their veins. "
31,"Amidst the bustling streets of the city, their eyes met, and in that moment, the world around them faded into oblivion, leaving only the undeniable pull of destiny."
31,"With every breath, they found solace in each other's embrace, their souls intertwined in a symphony of love's sweet melody."
31,"Against all odds, they fought for their love, defying societal expectations and overcoming obstacles, united in their unwavering devotion to one another."
32,"In the abandoned mansion on the hill, shadows whispered ancient secrets, and the walls echoed with the tortured cries of the damned."
32,"A chilling breeze swept through the desolate graveyard, stirring the restless souls of the departed from their eternal slumber."
32,"As the clock struck midnight, a bloodcurdling scream shattered the silence, signaling the presence of a malevolent force lurking in the darkness."
32,"From the depths of the forbidden forest, a haunting melody drifted, drawing unsuspecting travelers into the clutches of unspeakable horror."
32,"In the flickering candlelight, grotesque figures danced across the walls, their twisted forms a reflection of the nightmares that lurked within the depths of the human psyche."
33,"Against the backdrop of war-torn Europe, a forbidden love blossomed between a noblewoman and a humble soldier, their hearts bound by the turmoil of the times."
33,"In the grand ballrooms of a bygone era, whispers of scandal and intrigue mingled with the rustle of silk gowns, as society's elite danced on a knife's edge of political unrest."
33,"Amidst the opulence of the royal court, alliances were forged and betrayals plotted, as ambitious nobles vied for power and influence in the corridors of power."
33,"Across distant lands, adventurers set sail in search of new horizons, their journeys marked by perilous seas and encounters with exotic cultures that challenged their preconceived notions of the world."
33,"In the shadow of revolution, ordinary citizens rose up against oppression, their voices echoing through history as they fought for freedom and justice in the face of tyranny."
34,"On the distant planet of Veridian Prime, towering spires of advanced technology pierced the azure sky, a testament to humanity's boundless ingenuity."
34,"Within the sleek corridors of the interstellar cruiser, a diverse crew of explorers embarked on a perilous voyage through the uncharted depths of space, their mission shrouded in mystery."
34,"Amidst the neon-lit streets of the cyberpunk metropolis, artificial intelligences and cybernetic enhancements blurred the line between man and machine, creating a world where the boundaries of reality and virtuality merged."
34,"Across the galaxy, a rebellion simmered beneath the iron fist of the tyrannical Galactic Empire, as freedom fighters rallied against oppression in a bid to restore balance to the cosmos."
34,"In the darkness of the void, ancient alien artifacts whispered of civilizations long extinct, their enigmatic power coveted by those who sought to unlock the secrets of the universe."
35,"In the heart of the enchanted forest, whispers of ancient magic danced through the air, weaving tales of forgotten realms and mystical creatures."
35,"A lone adventurer, cloaked in shadows, embarked on a quest to uncover the secrets buried within the ruins of a lost civilization."
35,"As twilight fell, the sky ignited with hues of amethyst and sapphire, painting a canvas of dreams for those who dared to wander beyond the known."
35,"Beneath the moon's silver gaze, the guardian of the forest, a majestic dragon with eyes like molten gold, watched over the land with a silent wisdom born of centuries."
35,"With each step taken on the path of destiny, the bonds of fate tightened, drawing together allies and adversaries alike in a dance of destiny that would shape the fate of worlds."
36,"Underneath the starlit sky, their hearts collided in a whirlwind of passion and longing, igniting a love that transcended time itself."
36,"In the soft glow of candlelight, their fingertips brushed, sending electric currents of desire coursing through their veins. "
36,"Amidst the bustling streets of the city, their eyes met, and in that moment, the world around them faded into oblivion, leaving only the undeniable pull of destiny."
36,"With every breath, they found solace in each other's embrace, their souls intertwined in a symphony of love's sweet melody."
36,"Against all odds, they fought for their love, defying societal expectations and overcoming obstacles, united in their unwavering devotion to one another."
37,"In the abandoned mansion on the hill, shadows whispered ancient secrets, and the walls echoed with the tortured cries of the damned."
37,"A chilling breeze swept through the desolate graveyard, stirring the restless souls of the departed from their eternal slumber."
37,"As the clock struck midnight, a bloodcurdling scream shattered the silence, signaling the presence of a malevolent force lurking in the darkness."
37,"From the depths of the forbidden forest, a haunting melody drifted, drawing unsuspecting travelers into the clutches of unspeakable horror."
37,"In the flickering candlelight, grotesque figures danced across the walls, their twisted forms a reflection of the nightmares that lurked within the depths of the human psyche."
